<?xml version="1.0" encoding="UTF-8"?>
<!--
    Copyright 2010 The Android Open Source Project

    Licensed under the Apache License, Version 2.0 (the "License");
    you may not use this file except in compliance with the License.
    You may obtain a copy of the License at

        http://www.apache.org/licenses/LICENSE-2.0

    Unless required by applicable law or agreed to in writing, software
    distributed under the License is distributed on an "AS IS" BASIS,
    WITHOUT WARRANTIES OR CONDITIONS OF ANY KIND, either express or implied.
    See the License for the specific language governing permissions and
    limitations under the License.
-->

<!--
    version: $Id: site.xml 294 2010-11-25 07:27:12Z simone.tripodi $
-->
<project name="${project.name}">

    <skin>
        <groupId>com.googlecode.fluido-skin</groupId>
        <artifactId>fluido-skin</artifactId>
        <version>1.3</version>
    </skin>

    <version position="left" />

    <body>
        <menu ref="reports" />

        <menu name="External Links">
            <item name="Project Page" href="http://code.google.com/p/doclava/" />
        </menu>
    </body>

</project>
